,x,y,z
0,-28.59375,12.7856,97.13945
1,-28.59375,12.7856,97.10285
2,-28.59375,12.7856,97.11505000000001
3,-28.59375,12.7856,97.03575000000001
4,-28.59375,12.7856,97.07845
5,-28.59375,12.7856,97.08455
6,-28.59375,12.7856,97.13640000000001
7,-28.59375,12.7856,97.04185
8,-28.59375,12.7856,97.05099999999999
9,-28.59375,12.7856,97.1181
10,-28.59375,12.7856,97.1669
11,-28.59375,12.7856,97.08455
12,-28.59375,12.7856,97.0693
13,-28.59375,12.7856,97.07234999999999
14,-28.59375,12.7856,97.07845
15,-28.59375,12.7856,97.06625
16,-28.59375,12.7856,97.0693
17,-28.59375,12.7856,97.08455
18,-28.59375,12.7856,97.0693
19,-28.59375,12.7856,97.03880000000001
20,-28.59375,12.7856,97.0266
21,-28.59375,12.7856,97.01135
22,-28.59375,12.7856,97.0144
23,-28.59375,12.7856,97.09065
24,-28.59375,12.7856,97.02355
25,-28.59375,12.7856,97.0266
26,-28.59375,12.7856,96.97475
27,-28.59375,12.7856,97.08455
28,-28.59375,12.7856,97.0754
29,-28.59375,12.7856,97.0693
30,-28.59375,12.7856,97.04185
31,-28.59375,12.7856,97.05099999999999
32,-28.59375,12.7856,97.0571
33,-28.59375,12.7856,97.04795
34,-28.59375,12.7856,97.03269999999999
35,-28.59375,12.7856,97.0632
36,-28.59375,12.7856,97.06625
37,-28.59375,12.7856,97.05099999999999
38,-28.59375,12.7856,97.05404999999999
39,-28.59375,12.7856,97.04185
40,-28.59375,12.7856,97.07234999999999
41,-28.59375,12.7856,97.0632
42,-28.59375,12.7856,97.05404999999999
43,-28.59375,12.7856,97.04185
44,-28.59375,12.7856,97.03575000000001
45,-28.59375,12.7856,96.99915
46,-28.59375,12.7856,96.99305
47,-28.59375,12.7856,97.05099999999999
48,-28.59375,12.7856,97.05099999999999
49,-28.59375,12.7856,97.05404999999999
50,-28.59375,12.7856,97.0205
51,-28.59375,12.7856,97.09370000000001
52,-28.59375,12.7856,97.0205
53,-28.59375,12.7856,97.00525
54,-28.59375,12.7856,97.04795
55,-28.59375,12.7856,96.9961
56,-28.59375,12.7856,97.0022
57,-28.59375,12.7856,97.03269999999999
58,-28.59375,12.7856,96.99915
59,-28.59375,12.7856,97.04185
60,-28.59375,12.7856,97.04185
61,-28.59375,12.7856,97.0449
62,-28.59375,12.7856,97.02964999999999
63,-28.59375,12.7856,97.03269999999999
64,-28.59375,12.7856,97.03269999999999
65,-28.59375,12.7856,97.04185
66,-28.59375,12.7856,97.03880000000001
67,-28.59375,12.7856,97.0205
68,-28.59375,12.7856,97.0449
69,-28.59375,12.7856,97.02964999999999
70,-28.59375,12.7856,97.03880000000001
71,-28.59375,12.7856,97.0449
72,-28.59375,12.7856,97.0205
73,-28.59375,12.7856,97.06015000000001
74,-28.59375,12.7856,96.99915
75,-28.59375,12.7856,97.0876
76,-28.59375,12.7856,96.9534
77,-28.59375,12.7856,97.06625
78,-28.59375,12.7856,97.05404999999999
79,-28.59375,12.7856,96.99
80,-28.59375,12.7856,96.9595
81,-28.59375,12.7856,96.99
82,-28.59375,12.7856,96.98085
83,-28.59375,12.7856,97.06625
84,-28.59375,12.7856,96.98695000000001
85,-28.59375,12.7856,96.99915
86,-28.59375,12.7856,97.03269999999999
87,-28.59375,12.7856,96.98695000000001
88,-28.59375,12.7856,96.99305
89,-28.59375,12.7856,96.9961
90,-28.59375,12.7856,96.98085
91,-28.59375,12.7856,97.09370000000001
92,-28.59375,12.7856,96.96865
93,-28.59375,12.7856,96.9595
94,-28.59375,12.7856,97.0449
95,-28.59375,12.7856,97.04185
96,-28.59375,12.7856,97.01135
97,-28.59375,12.7856,97.01745000000001
98,-28.59375,12.7856,97.03269999999999
99,-28.59375,12.7856,97.00525
100,-28.59375,12.7856,97.0266
101,-28.59375,12.7856,96.99915
102,-28.59375,12.7856,97.00525
103,-28.59375,12.7856,96.99915
104,-28.59375,12.7856,96.99305
105,-28.59375,12.7856,96.99
106,-28.59375,12.7856,97.0144
107,-28.59375,12.7856,97.0022
108,-28.59375,12.7856,96.99915
109,-28.59375,12.7856,96.98695000000001
110,-28.59375,12.7856,97.0144
111,-28.59375,12.7856,97.02355
112,-28.59375,12.7856,97.0205
113,-28.59375,12.7856,97.0266
114,-28.59375,12.7856,97.0449
115,-28.59375,12.7856,97.03880000000001
116,-28.59375,12.7856,97.0632
117,-28.59375,12.7856,97.03269999999999
118,-28.59375,12.7856,97.02355
119,-28.59375,12.7856,97.1181
120,-28.59375,12.7856,97.10285
121,-28.59375,12.7856,97.0693
122,-28.59375,12.7856,97.10589999999999
123,-28.59375,12.7856,96.93205
124,-28.59375,12.7856,96.97475
125,-28.59375,12.7856,96.96865
126,-28.59375,12.7856,97.01135
127,-28.59375,12.7856,97.0815
128,-28.59375,12.7856,97.01135
129,-28.59375,12.7856,96.97475
130,-28.59375,12.7856,97.0083
131,-28.59375,12.7856,96.9473
132,-28.59375,12.7856,96.96255000000001
133,-28.59375,12.7856,96.96255000000001
134,-28.59375,12.7856,96.99305
135,-28.59375,12.7856,97.06625
136,-28.59375,12.7856,96.929
137,-28.59375,12.7856,96.9534
138,-28.59375,12.7856,96.94425000000001
139,-28.59375,12.7856,96.9839
140,-28.59375,12.7856,97.0571
141,-28.59375,12.7856,97.0754
142,-28.59375,12.7856,96.9717
143,-28.59375,12.7856,97.04795
144,-28.59375,12.7856,97.0083
145,-28.59375,12.7856,97.0632
146,-28.59375,12.7856,97.0266
147,-28.59375,12.7856,97.0083
148,-28.59375,12.7856,97.0083
149,-28.59375,12.7856,96.9839
150,-28.59375,12.7856,96.9961
151,-28.59375,12.7856,96.97779999999999
152,-28.59375,12.7856,96.9839
153,-28.59375,12.7856,96.97779999999999
154,-28.59375,12.7856,96.98085
155,-28.59375,12.7856,97.00525
156,-28.59375,12.7856,96.98085
157,-28.59375,12.7856,96.99305
158,-28.59375,12.7856,97.0205
159,-28.59375,12.7856,97.0266
160,-28.59375,12.7856,97.00525
161,-28.59375,12.7856,97.02964999999999
162,-28.59375,12.7856,97.02355
163,-28.59375,12.7856,97.02355
164,-28.59375,12.7856,97.03880000000001
165,-28.59375,12.7856,97.04185
166,-28.59375,12.7856,97.03880000000001
167,-28.59375,12.7856,97.05099999999999
168,-28.59375,12.7856,97.0693
169,-28.59375,12.7856,97.01745000000001
170,-28.59375,12.7856,97.0266
171,-28.59375,12.7856,97.01745000000001
172,-28.59375,12.7856,97.03269999999999
173,-28.59375,12.7856,97.01745000000001
174,-28.59375,12.7856,97.0754
175,-28.59375,12.7856,97.04795
176,-28.59375,12.7856,97.03575000000001
177,-28.59375,12.7856,97.0571
178,-28.59375,12.7856,96.97779999999999
179,-28.59375,12.7856,97.06625
180,-28.59375,12.7856,96.94120000000001
181,-28.59375,12.7856,96.9595
182,-28.59375,12.7856,96.97779999999999
183,-28.59375,12.7856,97.0571
184,-28.59375,12.7856,97.0632
185,-28.59375,12.7856,97.06625
186,-28.59375,12.7856,96.97475
187,-28.59375,12.7856,97.01745000000001
188,-28.59375,12.7856,96.99305
189,-28.59375,12.7856,97.0083
190,-28.59375,12.7856,97.0693
191,-28.59375,12.7856,96.98695000000001
192,-28.59375,12.7856,96.93509999999999
193,-28.59375,12.7856,96.97475
194,-28.59375,12.7856,97.03575000000001
195,-28.59375,12.7856,96.96865
196,-28.59375,12.7856,97.03575000000001
197,-28.59375,12.7856,97.0144
198,-28.59375,12.7856,96.98085
199,-28.59375,12.7856,96.9717
200,-28.59375,12.7856,97.07234999999999
201,-28.59375,12.7856,97.01745000000001
202,-28.59375,12.7856,97.01135
203,-28.59375,12.7856,97.0144
204,-28.59375,12.7856,97.01135
205,-28.59375,12.7856,97.0083
206,-28.59375,12.7856,96.96255000000001
207,-28.59375,12.7856,96.9839
208,-28.59375,12.7856,96.96255000000001
209,-28.59375,12.7856,96.99
210,-28.59375,12.7856,97.01135
211,-28.59375,12.7856,96.9717
212,-28.59375,12.7856,96.99
213,-28.59375,12.7856,96.93205
214,-28.59375,12.7856,96.9717
215,-28.59375,12.7856,96.97475
216,-28.59375,12.7856,96.9839
217,-28.59375,12.7856,96.99915
218,-28.59375,12.7856,97.0144
219,-28.59375,12.7856,97.02355
220,-28.59375,12.7856,97.04185
221,-28.59375,12.7856,97.0144
222,-28.59375,12.7856,96.99
223,-28.59375,12.7856,97.01745000000001
224,-28.59375,12.7856,97.0022
225,-28.59375,12.7856,96.99915
226,-28.59375,12.7856,97.0632
227,-28.59375,12.7856,97.0815
228,-28.59375,12.7856,97.04795
229,-28.59375,12.7856,96.96255000000001
230,-28.59375,12.7856,97.0083
231,-28.59375,12.7856,97.02964999999999
232,-28.59375,12.7856,97.0266
233,-28.59375,12.7856,97.0449
234,-28.59375,12.7856,96.98085
235,-28.59375,12.7856,97.02355
236,-28.59375,12.7856,96.9961
237,-28.59375,12.7856,96.9595
238,-28.59375,12.7856,96.95035
239,-28.59375,12.7856,96.98085
240,-28.59375,12.7856,96.9473
241,-28.59375,12.7856,96.96560000000001
242,-28.59375,12.7856,97.03575000000001
243,-28.59375,12.7856,96.92595
244,-28.59375,12.7856,96.92595
245,-28.59375,12.7856,96.97779999999999
246,-28.59375,12.7856,96.94425000000001
247,-28.59375,12.7856,96.9961
248,-28.59375,12.7856,96.929
249,-28.59375,12.7856,96.98085
250,-28.59375,12.7856,96.97475
251,-28.59375,12.7856,96.98695000000001
252,-28.59375,12.7856,97.00525
253,-28.59375,12.7856,96.94425000000001
254,-28.59375,12.7856,97.0083
255,-28.59375,12.7856,96.96865
256,-28.59375,12.7856,96.96255000000001
257,-28.59375,12.7856,96.9595
258,-28.59375,12.7856,96.9534
259,-28.59375,12.7856,96.96560000000001
260,-28.59375,12.7856,96.93815
261,-28.59375,12.7856,96.96560000000001
262,-28.59375,12.7856,96.96560000000001
263,-28.59375,12.7856,96.98085
264,-28.59375,12.7856,96.97475
265,-28.59375,12.7856,96.9534
266,-28.59375,12.7856,96.97779999999999
267,-28.59375,12.7856,96.9839
268,-28.59375,12.7856,96.95035
269,-28.59375,12.7856,96.98085
270,-28.59375,12.7856,96.9717
271,-28.59375,12.7856,96.99305
272,-28.59375,12.7856,97.00525
273,-28.59375,12.7856,97.0205
274,-28.59375,12.7856,97.0205
275,-28.59375,12.7856,97.01135
276,-28.59375,12.7856,96.97779999999999
277,-28.59375,12.7856,96.98695000000001
278,-28.59375,12.7856,97.0022
279,-28.59375,12.7856,97.00525
280,-28.59375,12.7856,97.0022
281,-28.59375,12.7856,97.01745000000001
282,-28.59375,12.7856,96.9717
283,-28.59375,12.7856,96.98085
284,-28.59375,12.7856,96.98695000000001
285,-28.59375,12.7856,96.96255000000001
286,-28.59375,12.7856,96.929
287,-28.59375,12.7856,96.929
288,-28.59375,12.7856,97.03269999999999
289,-28.59375,12.7856,96.9961
290,-28.59375,12.7856,96.97475
291,-28.59375,12.7856,96.97779999999999
292,-28.59375,12.7856,97.02355
293,-28.59375,12.7856,96.99
294,-28.59375,12.7856,97.02355
295,-28.59375,12.7856,96.98695000000001
296,-28.59375,12.7856,96.93815
297,-28.59375,12.7856,96.9534
298,-28.59375,12.7856,96.93205
299,-28.59375,12.7856,96.95644999999999
300,-28.59375,12.7856,96.94120000000001
301,-28.59375,12.7856,96.94425000000001
302,-28.59375,12.7856,96.96255000000001
303,-28.59375,12.7856,96.9534
304,-28.59375,12.7856,96.9717
305,-28.59375,12.7856,96.95035
306,-28.59375,12.7856,96.93509999999999
307,-28.59375,12.7856,97.00525
308,-28.59375,12.7856,96.97779999999999
309,-28.59375,12.7856,96.99
310,-28.59375,12.7856,96.96865
311,-28.59375,12.7856,97.0571
312,-28.59375,12.7856,96.96255000000001
313,-28.59375,12.7856,96.99
314,-28.59375,12.7856,96.99915
315,-28.59375,12.7856,96.99915
316,-28.59375,12.7856,96.9839
317,-28.59375,12.7856,96.9839
318,-28.59375,12.7856,96.95644999999999
319,-28.59375,12.7856,96.98085
320,-28.59375,12.7856,96.98695000000001
321,-28.59375,12.7856,96.98085
322,-28.59375,12.7856,96.94120000000001
323,-28.59375,12.7856,96.93205
324,-28.59375,12.7856,96.94425000000001
325,-28.59375,12.7856,96.929
326,-28.59375,12.7856,96.95644999999999
327,-28.59375,12.7856,96.98695000000001
328,-28.59375,12.7856,96.96865
329,-28.59375,12.7856,96.97475
330,-28.59375,12.7856,96.95644999999999
331,-28.59375,12.7856,96.98695000000001
332,-28.59375,12.7856,96.9717
333,-28.59375,12.7856,97.0022
334,-28.59375,12.7856,96.99
335,-28.59375,12.7856,97.00525
336,-28.59375,12.7856,96.99915
337,-28.59375,12.7856,96.97475
338,-28.59375,12.7856,96.96255000000001
339,-28.59375,12.7856,96.99915
340,-28.59375,12.7856,96.97779999999999
341,-28.59375,12.7856,97.0022
342,-28.59375,12.7856,97.0022
343,-28.59375,12.7856,96.98695000000001
344,-28.59375,12.7856,97.0022
345,-28.59375,12.7856,96.98695000000001
346,-28.59375,12.7856,96.96865
347,-28.59375,12.7856,96.9595
348,-28.59375,12.7856,96.93205
349,-28.59375,12.7856,96.92595
350,-28.59375,12.7856,96.93509999999999
351,-28.59375,12.7856,96.87715
352,-28.59375,12.7856,96.87105
353,-28.59375,12.7856,96.8863
354,-28.59375,12.7856,96.9961
355,-28.59375,12.7856,96.94120000000001
356,-28.59375,12.7856,96.87715
357,-28.59375,12.7856,96.92595
358,-28.59375,12.7856,96.8985
359,-28.59375,12.7856,97.01745000000001
360,-28.59375,12.7856,96.93815
361,-28.59375,12.7856,97.0205
362,-28.59375,12.7856,96.98085
363,-28.59375,12.7856,96.9961
364,-28.59375,12.7856,96.95644999999999
365,-28.59375,12.7856,96.98085
366,-28.59375,12.7856,96.92595
367,-28.59375,12.7856,96.95644999999999
368,-28.59375,12.7856,96.97779999999999
369,-28.59375,12.7856,96.8985
370,-28.59375,12.7856,96.95644999999999
371,-28.59375,12.7856,96.92290000000001
372,-28.59375,12.7856,97.0266
373,-28.59375,12.7856,96.9473
374,-28.59375,12.7856,97.02964999999999
375,-28.59375,12.7856,96.90154999999999
376,-28.59375,12.7856,96.93815
377,-28.59375,12.7856,96.8985
378,-28.59375,12.7856,96.95035
379,-28.59375,12.7856,96.93815
380,-28.59375,12.7856,96.929
381,-28.59375,12.7856,96.97475
382,-28.59375,12.7856,96.94120000000001
383,-28.59375,12.7856,96.93205
384,-28.59375,12.7856,96.96865
385,-28.59375,12.7856,96.96865
386,-28.59375,12.7856,97.0571
387,-28.59375,12.7856,97.0144
388,-28.59375,12.7856,97.03269999999999
389,-28.59375,12.7856,96.96865
390,-28.59375,12.7856,96.99305
391,-28.59375,12.7856,96.96255000000001
392,-28.59375,12.7856,96.96865
393,-28.59375,12.7856,96.9595
394,-28.59375,12.7856,96.94120000000001
395,-28.59375,12.7856,96.94120000000001
396,-28.59375,12.7856,96.9717
397,-28.59375,12.7856,96.92290000000001
398,-28.59375,12.7856,96.93815
399,-28.59375,12.7856,96.92595
400,-28.59375,12.7856,96.91985
401,-28.59375,12.7856,96.93205
402,-28.59375,12.7856,96.95644999999999
403,-28.59375,12.7856,96.9595
404,-28.59375,12.7856,96.93509999999999
405,-28.59375,12.7856,96.95035
406,-28.59375,12.7856,96.93205
407,-28.59375,12.7856,96.94425000000001
408,-28.59375,12.7856,96.9534
409,-28.59375,12.7856,96.95644999999999
410,-28.59375,12.7856,96.95035
411,-28.59375,12.7856,96.95035
412,-28.59375,12.7856,96.9595
413,-28.59375,12.7856,96.94120000000001
414,-28.59375,12.7856,96.96865
415,-28.59375,12.7856,96.94120000000001
416,-28.59375,12.7856,96.98085
417,-28.59375,12.7856,96.9595
418,-28.59375,12.7856,96.95644999999999
419,-28.59375,12.7856,96.97779999999999
420,-28.59375,12.7856,96.98085
421,-28.59375,12.7856,97.0144
422,-28.59375,12.7856,97.0205
423,-28.59375,12.7856,96.98695000000001
424,-28.59375,12.7856,97.03269999999999
425,-28.59375,12.7856,96.97475
426,-28.59375,12.7856,96.9595
427,-28.59375,12.7856,96.97779999999999
428,-28.59375,12.7856,96.9595
429,-28.59375,12.7856,96.95644999999999
430,-28.59375,12.7856,96.9473
431,-28.59375,12.7856,96.9046
432,-28.59375,12.7856,96.8985
433,-28.59375,12.7856,96.91375
434,-28.59375,12.7856,96.89545
435,-28.59375,12.7856,96.8863
436,-28.59375,12.7856,96.8497
437,-28.59375,12.7856,96.84055
438,-28.59375,12.7856,96.86800000000001
439,-28.59375,12.7856,96.82225
440,-28.59375,12.7856,97.0083
441,-28.59375,12.7856,96.88325
442,-28.59375,12.7856,96.9534
443,-28.59375,12.7856,96.92290000000001
444,-28.59375,12.7856,96.94120000000001
445,-28.59375,12.7856,96.9595
446,-28.59375,12.7856,96.91985
447,-28.59375,12.7856,96.9046
448,-28.59375,12.7856,97.0754
449,-28.59375,12.7856,97.06625
450,-28.59375,12.7856,96.9717
451,-28.59375,12.7856,96.98695000000001
452,-28.59375,12.7856,96.9473
453,-28.59375,12.7856,96.96255000000001
454,-28.59375,12.7856,96.94425000000001
455,-28.59375,12.7856,96.91985
456,-28.59375,12.7856,96.94425000000001
457,-28.59375,12.7856,96.91985
458,-28.59375,12.7856,96.91985
459,-28.59375,12.7856,96.88935000000001
460,-28.59375,12.7856,96.94425000000001
461,-28.59375,12.7856,96.93509999999999
462,-28.59375,12.7856,96.8985
463,-28.59375,12.7856,96.94425000000001
464,-28.59375,12.7856,96.90765
465,-28.59375,12.7856,96.9046
466,-28.59375,12.7856,96.9168
467,-28.59375,12.7856,96.94120000000001
468,-28.59375,12.7856,96.9473
469,-28.59375,12.7856,96.9839
470,-28.59375,12.7856,96.98695000000001
471,-28.59375,12.7856,96.90765
472,-28.59375,12.7856,96.97779999999999
473,-28.59375,12.7856,96.96560000000001
474,-28.59375,12.7856,96.99305
475,-28.59375,12.7856,96.9473
476,-28.59375,12.7856,96.95035
477,-28.59375,12.7856,96.95035
478,-28.59375,12.7856,96.92290000000001
479,-28.59375,12.7856,96.95644999999999
480,-28.59375,12.7856,96.93815
481,-28.59375,12.7856,96.929
482,-28.59375,12.7856,96.95035
483,-28.59375,12.7856,96.8985
484,-28.59375,12.7856,96.92595
485,-28.59375,12.7856,96.91985
486,-28.59375,12.7856,96.94120000000001
487,-28.59375,12.7856,96.92290000000001
488,-28.59375,12.7856,96.9168
489,-28.59375,12.7856,96.93509999999999
490,-28.59375,12.7856,96.90765
491,-28.59375,12.7856,96.94425000000001
492,-28.59375,12.7856,96.92290000000001
493,-28.59375,12.7856,96.94425000000001
494,-28.59375,12.7856,96.9473
495,-28.59375,12.7856,96.9473
496,-28.59375,12.7856,96.9473
497,-28.59375,12.7856,96.97779999999999
498,-28.59375,12.7856,96.95644999999999
499,-28.59375,12.7856,96.95644999999999
500,-28.59375,12.7856,96.96560000000001
501,-28.59375,12.7856,97.20349999999999
502,-28.59375,12.7856,97.15775000000001
503,-28.59375,12.7856,96.95035
504,-28.59375,12.7856,96.82225
505,-28.59375,12.7856,96.93509999999999
506,-28.59375,12.7856,96.9534
507,-28.59375,12.7856,96.88935000000001
508,-28.59375,12.7856,96.89545
509,-28.59375,12.7856,96.86189999999999
510,-28.59375,12.7856,96.8985
511,-28.59375,12.7856,96.8497
512,-28.59375,12.7856,96.84055
513,-28.59375,12.7856,96.83749999999999
514,-28.59375,12.7856,96.85275
515,-28.59375,12.7856,96.7765
516,-28.59375,12.7856,96.76735
517,-28.59375,12.7856,96.83749999999999
518,-28.59375,12.7856,96.8558
519,-28.59375,12.7856,96.81615
520,-28.59375,12.7856,96.84055
521,-28.59375,12.7856,96.84665000000001
522,-28.59375,12.7856,96.84665000000001
523,-28.59375,12.7856,96.90154999999999
524,-28.59375,12.7856,96.8924
525,-28.59375,12.7856,96.91375
526,-28.59375,12.7856,96.93509999999999
527,-28.59375,12.7856,96.89545
528,-28.59375,12.7856,96.96560000000001
529,-28.59375,12.7856,96.95035
530,-28.59375,12.7856,96.91985
531,-28.59375,12.7856,96.9168
532,-28.59375,12.7856,96.8863
533,-28.59375,12.7856,96.9595
534,-28.59375,12.7856,96.92595
535,-28.59375,12.7856,96.9839
536,-28.59375,12.7856,96.92595
537,-28.59375,12.7856,96.88019999999999
538,-28.59375,12.7856,96.93815
539,-28.59375,12.7856,96.9534
540,-28.59375,12.7856,96.90154999999999
541,-28.59375,12.7856,96.88325
542,-28.59375,12.7856,96.9046
543,-28.59375,12.7856,96.98085
544,-28.59375,12.7856,96.9107
545,-28.59375,12.7856,96.8924
546,-28.59375,12.7856,96.88935000000001
547,-28.59375,12.7856,96.97779999999999
548,-28.59375,12.7856,96.89545
549,-28.59375,12.7856,96.9168
550,-28.59375,12.7856,96.90765
551,-28.59375,12.7856,96.929
552,-28.59375,12.7856,96.95035
553,-28.59375,12.7856,96.96865
554,-28.59375,12.7856,96.98085
555,-28.59375,12.7856,96.9473
556,-28.59375,12.7856,96.92595
557,-28.59375,12.7856,96.98085
558,-28.59375,12.7856,96.99
559,-28.59375,12.7856,96.97475
560,-28.59375,12.7856,96.9717
561,-28.59375,12.7856,96.99
562,-28.59375,12.7856,96.9534
563,-28.59375,12.7856,96.95644999999999
564,-28.59375,12.7856,96.96560000000001
565,-28.59375,12.7856,96.93205
566,-28.59375,12.7856,96.95644999999999
567,-28.59375,12.7856,96.94425000000001
568,-28.59375,12.7856,96.9473
569,-28.59375,12.7856,96.92290000000001
570,-28.59375,12.7856,96.92290000000001
571,-28.59375,12.7856,96.92595
572,-28.59375,12.7856,96.90765
573,-28.59375,12.7856,96.93205
574,-28.59375,12.7856,96.93509999999999
575,-28.59375,12.7856,96.94425000000001
576,-28.59375,12.7856,96.93509999999999
577,-28.59375,12.7856,96.90765
578,-28.59375,12.7856,96.88019999999999
579,-28.59375,12.7856,96.9046
580,-28.59375,12.7856,96.89545
581,-28.59375,12.7856,96.92290000000001
582,-28.59375,12.7856,96.92290000000001
583,-28.59375,12.7856,96.95035
584,-28.59375,12.7856,96.93509999999999
585,-28.59375,12.7856,96.93815
586,-28.59375,12.7856,96.91375
587,-28.59375,12.7856,96.9595
588,-28.59375,12.7856,96.96865
589,-28.59375,12.7856,96.97475
590,-28.59375,12.7856,96.88019999999999
591,-28.59375,12.7856,96.79175000000001
592,-28.59375,12.7856,96.93509999999999
593,-28.59375,12.7856,96.8985
594,-28.59375,12.7856,96.90154999999999
595,-28.59375,12.7856,96.9046
596,-28.59375,12.7856,96.87715
597,-28.59375,12.7856,96.8985
598,-28.59375,12.7856,96.88019999999999
599,-28.59375,12.7856,96.88935000000001
600,-28.59375,12.7856,96.87105
601,-28.59375,12.7856,96.85884999999999
602,-28.59375,12.7856,96.83749999999999
603,-28.59375,12.7856,96.85275
604,-28.59375,12.7856,96.8436
605,-28.59375,12.7856,96.83749999999999
606,-28.59375,12.7856,96.8131
607,-28.59375,12.7856,96.81005
608,-28.59375,12.7856,96.80395
609,-28.59375,12.7856,96.79785
610,-28.59375,12.7856,96.82225
611,-28.59375,12.7856,96.84055
612,-28.59375,12.7856,96.7887
613,-28.59375,12.7856,96.8192
614,-28.59375,12.7856,96.82225
615,-28.59375,12.7856,96.8497
616,-28.59375,12.7856,96.82225
617,-28.59375,12.7856,96.8497
618,-28.59375,12.7856,96.83445
619,-28.59375,12.7856,96.86189999999999
620,-28.59375,12.7856,96.96865
621,-28.59375,12.7856,96.9046
622,-28.59375,12.7856,96.9168
623,-28.59375,12.7856,96.92290000000001
624,-28.59375,12.7856,96.9534
625,-28.59375,12.7856,96.96865
626,-28.59375,12.7856,97.02964999999999
627,-28.59375,12.7856,97.03880000000001
628,-28.59375,12.7856,96.92290000000001
629,-28.59375,12.7856,96.88935000000001
630,-28.59375,12.7856,96.95035
631,-28.59375,12.7856,96.91375
632,-28.59375,12.7856,96.9107
633,-28.59375,12.7856,96.8741
634,-28.59375,12.7856,96.90154999999999
635,-28.59375,12.7856,96.93509999999999
636,-28.59375,12.7856,96.8985
637,-28.59375,12.7856,96.88019999999999
638,-28.59375,12.7856,96.88325
639,-28.59375,12.7856,96.93509999999999
640,-28.59375,12.7856,96.8863
641,-28.59375,12.7856,96.94120000000001
642,-28.59375,12.7856,96.91985
643,-28.59375,12.7856,96.9473
644,-28.59375,12.7856,96.8985
645,-28.59375,12.7856,96.92290000000001
646,-28.59375,12.7856,96.85884999999999
647,-28.59375,12.7856,96.8924
648,-28.59375,12.7856,96.96560000000001
649,-28.59375,12.7856,96.96865
650,-28.59375,12.7856,96.8924
651,-28.59375,12.7856,96.89545
652,-28.59375,12.7856,96.9107
653,-28.59375,12.7856,96.9107
654,-28.59375,12.7856,96.9046
655,-28.59375,12.7856,96.94425000000001
656,-28.59375,12.7856,96.93815
657,-28.59375,12.7856,96.94120000000001
658,-28.59375,12.7856,96.96560000000001
659,-28.59375,12.7856,96.98695000000001
660,-28.59375,12.7856,96.9595
661,-28.59375,12.7856,97.05404999999999
662,-28.59375,12.7856,96.9168
663,-28.59375,12.7856,96.90765
664,-28.59375,12.7856,96.98085
665,-28.59375,12.7856,96.98695000000001
666,-28.59375,12.7856,96.9473
667,-28.59375,12.7856,96.92595
668,-28.59375,12.7856,96.93509999999999
669,-28.59375,12.7856,96.88019999999999
670,-28.59375,12.7856,96.8863
671,-28.59375,12.7856,96.92595
672,-28.59375,12.7856,96.91985
673,-28.59375,12.7856,96.95035
674,-28.59375,12.7856,96.90765
675,-28.59375,12.7856,96.91985
676,-28.59375,12.7856,96.92290000000001
677,-28.59375,12.7856,96.92595
678,-28.59375,12.7856,96.9168
679,-28.59375,12.7856,96.8985
680,-28.59375,12.7856,96.90765
681,-28.59375,12.7856,96.92290000000001
682,-28.59375,12.7856,96.88935000000001
683,-28.59375,12.7856,96.929
684,-28.59375,12.7856,96.9107
685,-28.59375,12.7856,96.8924
686,-28.59375,12.7856,96.90765
687,-28.59375,12.7856,96.8863
688,-28.59375,12.7856,96.93509999999999
689,-28.59375,12.7856,96.90765
690,-28.59375,12.7856,96.9046
691,-28.59375,12.7856,96.8863
692,-28.59375,12.7856,96.9046
693,-28.59375,12.7856,96.88935000000001
694,-28.59375,12.7856,96.8924
695,-28.59375,12.7856,96.89545
696,-28.59375,12.7856,96.8924
697,-28.59375,12.7856,96.87715
698,-28.59375,12.7856,96.86495000000001
699,-28.59375,12.7856,96.8497
700,-28.59375,12.7856,96.83445
701,-28.59375,12.7856,96.8314
702,-28.59375,12.7856,96.7948
703,-28.59375,12.7856,96.81005
704,-28.59375,12.7856,96.7765
705,-28.59375,12.7856,96.81005
706,-28.59375,12.7856,96.77345000000001
707,-28.59375,12.7856,96.8131
708,-28.59375,12.7856,96.79785
709,-28.59375,12.7856,96.7948
710,-28.59375,12.7856,96.8192
711,-28.59375,12.7856,96.80395
712,-28.59375,12.7856,96.73685
713,-28.59375,12.7856,96.8253
714,-28.59375,12.7856,96.8497
715,-28.59375,12.7856,96.8253
716,-28.59375,12.7856,96.8863
717,-28.59375,12.7856,96.88019999999999
718,-28.59375,12.7856,96.8985
719,-28.59375,12.7856,96.92595
720,-28.59375,12.7856,96.8863
721,-28.59375,12.7856,96.8924
722,-28.59375,12.7856,96.83749999999999
723,-28.59375,12.7856,96.86189999999999
724,-28.59375,12.7856,96.88935000000001
725,-28.59375,12.7856,96.88935000000001
726,-28.59375,12.7856,97.07845
727,-28.59375,12.7856,96.88325
728,-28.59375,12.7856,96.93815
729,-28.59375,12.7856,96.8741
730,-28.59375,12.7856,96.87105
731,-28.59375,12.7856,96.94120000000001
732,-28.59375,12.7856,96.93205
733,-28.59375,12.7856,96.95644999999999
734,-28.59375,12.7856,96.85884999999999
735,-28.59375,12.7856,96.8985
736,-28.59375,12.7856,96.92290000000001
737,-28.59375,12.7856,96.92290000000001
738,-28.59375,12.7856,96.86189999999999
739,-28.59375,12.7856,96.87715
740,-28.59375,12.7856,96.9473
741,-28.59375,12.7856,96.929
742,-28.59375,12.7856,96.83749999999999
743,-28.59375,12.7856,96.8985
744,-28.59375,12.7856,96.95644999999999
745,-28.59375,12.7856,96.8863
746,-28.59375,12.7856,96.8863
747,-28.59375,12.7856,96.9595
748,-28.59375,12.7856,96.83445
749,-28.59375,12.7856,96.88325
750,-28.59375,12.7856,96.94425000000001
751,-28.59375,12.7856,96.95035
752,-28.59375,12.7856,96.93815
753,-28.59375,12.7856,97.00525
754,-28.59375,12.7856,96.93815
755,-28.59375,12.7856,96.92290000000001
756,-28.59375,12.7856,96.99305
757,-28.59375,12.7856,96.99
758,-28.59375,12.7856,96.9717
759,-28.59375,12.7856,96.96560000000001
760,-28.59375,12.7856,96.9717
761,-28.59375,12.7856,96.98085
762,-28.59375,12.7856,96.94425000000001
763,-28.59375,12.7856,96.9473
764,-28.59375,12.7856,96.96255000000001
765,-28.59375,12.7856,96.93509999999999
766,-28.59375,12.7856,96.94425000000001
767,-28.59375,12.7856,96.94425000000001
768,-28.59375,12.7856,96.92595
769,-28.59375,12.7856,96.9107
770,-28.59375,12.7856,96.9046
771,-28.59375,12.7856,96.93205
772,-28.59375,12.7856,96.91375
773,-28.59375,12.7856,96.9107
774,-28.59375,12.7856,96.9168
775,-28.59375,12.7856,96.8985
776,-28.59375,12.7856,96.89545
777,-28.59375,12.7856,96.92290000000001
778,-28.59375,12.7856,96.93205
779,-28.59375,12.7856,96.92595
780,-28.59375,12.7856,96.90154999999999
781,-28.59375,12.7856,96.88935000000001
782,-28.59375,12.7856,96.9107
783,-28.59375,12.7856,96.9046
784,-28.59375,12.7856,96.92290000000001
785,-28.59375,12.7856,96.9046
786,-28.59375,12.7856,96.88935000000001
787,-28.59375,12.7856,96.8924
788,-28.59375,12.7856,96.9168
789,-28.59375,12.7856,96.91375
790,-28.59375,12.7856,96.92290000000001
791,-28.59375,12.7856,96.90154999999999
792,-28.59375,12.7856,96.88325
793,-28.59375,12.7856,96.88325
794,-28.59375,12.7856,96.86189999999999
795,-28.59375,12.7856,96.89545
796,-28.59375,12.7856,96.88935000000001
797,-28.59375,12.7856,96.86495000000001
798,-28.59375,12.7856,96.8497
799,-28.59375,12.7856,96.8558
800,-28.59375,12.7856,96.8741
801,-28.59375,12.7856,96.88019999999999
802,-28.59375,12.7856,96.89545
803,-28.59375,12.7856,96.8558
804,-28.59375,12.7856,96.85884999999999
805,-28.59375,12.7856,96.8131
806,-28.59375,12.7856,96.7887
807,-28.59375,12.7856,96.81005
808,-28.59375,12.7856,96.7948
809,-28.59375,12.7856,96.75210000000001
810,-28.59375,12.7856,96.76429999999999
811,-28.59375,12.7856,96.807
812,-28.59375,12.7856,96.8253
813,-28.59375,12.7856,96.8253
814,-28.59375,12.7856,96.75210000000001
815,-28.59375,12.7856,96.7887
816,-28.59375,12.7856,96.8497
817,-28.59375,12.7856,96.8741
818,-28.59375,12.7856,96.85884999999999
819,-28.59375,12.7856,96.93815
820,-28.59375,12.7856,96.8314
821,-28.59375,12.7856,96.8436
822,-28.59375,12.7856,96.91375
823,-28.59375,12.7856,96.87105
824,-28.59375,12.7856,96.86189999999999
825,-28.59375,12.7856,96.8985
826,-28.59375,12.7856,96.83749999999999
827,-28.59375,12.7856,96.82225
828,-28.59375,12.7856,96.91985
829,-28.59375,12.7856,96.97779999999999
830,-28.59375,12.7856,96.92595
831,-28.59375,12.7856,96.90765
832,-28.59375,12.7856,96.87715
833,-28.59375,12.7856,96.87105
834,-28.59375,12.7856,96.929
835,-28.59375,12.7856,96.88935000000001
836,-28.59375,12.7856,96.89545
837,-28.59375,12.7856,96.9534
838,-28.59375,12.7856,96.9534
839,-28.59375,12.7856,96.8985
840,-28.59375,12.7856,96.8863
841,-28.59375,12.7856,96.91375
842,-28.59375,12.7856,96.87105
843,-28.59375,12.7856,96.92595
844,-28.59375,12.7856,96.9168
845,-28.59375,12.7856,96.9168
846,-28.59375,12.7856,96.88019999999999
847,-28.59375,12.7856,96.93205
848,-28.59375,12.7856,96.92290000000001
849,-28.59375,12.7856,96.87105
850,-28.59375,12.7856,96.96560000000001
851,-28.59375,12.7856,96.9717
852,-28.59375,12.7856,96.86800000000001
853,-28.59375,12.7856,96.87715
854,-28.59375,12.7856,96.92290000000001
855,-28.59375,12.7856,96.93509999999999
856,-28.59375,12.7856,96.96255000000001
857,-28.59375,12.7856,96.9046
858,-28.59375,12.7856,96.98085
859,-28.59375,12.7856,96.9168
860,-28.59375,12.7856,96.97779999999999
861,-28.59375,12.7856,96.97779999999999
862,-28.59375,12.7856,96.9473
863,-28.59375,12.7856,96.93509999999999
864,-28.59375,12.7856,96.9534
865,-28.59375,12.7856,96.95644999999999
866,-28.59375,12.7856,96.98085
867,-28.59375,12.7856,96.9534
868,-28.59375,12.7856,96.94120000000001
869,-28.59375,12.7856,96.92290000000001
870,-28.59375,12.7856,96.9717
871,-28.59375,12.7856,96.929
872,-28.59375,12.7856,96.90154999999999
873,-28.59375,12.7856,96.9107
874,-28.59375,12.7856,96.90765
875,-28.59375,12.7856,96.88019999999999
876,-28.59375,12.7856,96.86495000000001
877,-28.59375,12.7856,96.8741
878,-28.59375,12.7856,96.90154999999999
879,-28.59375,12.7856,96.8741
880,-28.59375,12.7856,96.91985
881,-28.59375,12.7856,96.929
882,-28.59375,12.7856,96.929
883,-28.59375,12.7856,96.9046
884,-28.59375,12.7856,96.88935000000001
885,-28.59375,12.7856,96.88325
886,-28.59375,12.7856,96.88935000000001
887,-28.59375,12.7856,96.929
888,-28.59375,12.7856,96.95035
889,-28.59375,12.7856,96.8741
890,-28.59375,12.7856,96.9107
891,-28.59375,12.7856,96.92290000000001
892,-28.59375,12.7856,96.90154999999999
893,-28.59375,12.7856,96.9107
894,-28.59375,12.7856,96.90154999999999
895,-28.59375,12.7856,96.8924
896,-28.59375,12.7856,96.89545
897,-28.59375,12.7856,96.88935000000001
898,-28.59375,12.7856,96.90154999999999
899,-28.59375,12.7856,96.90154999999999
900,-28.59375,12.7856,96.86189999999999
901,-28.59375,12.7856,96.87105
902,-28.59375,12.7856,96.84055
903,-28.59375,12.7856,96.88019999999999
904,-28.59375,12.7856,96.87105
905,-28.59375,12.7856,96.85884999999999
906,-28.59375,12.7856,96.85275
907,-28.59375,12.7856,96.84055
908,-28.59375,12.7856,96.8253
909,-28.59375,12.7856,96.80395
910,-28.59375,12.7856,96.81615
911,-28.59375,12.7856,96.7887
912,-28.59375,12.7856,96.7948
913,-28.59375,12.7856,96.8009
914,-28.59375,12.7856,96.8009
915,-28.59375,12.7856,96.7826
916,-28.59375,12.7856,96.76125
917,-28.59375,12.7856,96.79785
918,-28.59375,12.7856,96.8131
919,-28.59375,12.7856,96.79175000000001
920,-28.59375,12.7856,96.80395
921,-28.59375,12.7856,96.81615
922,-28.59375,12.7856,96.91985
923,-28.59375,12.7856,96.8497
924,-28.59375,12.7856,96.78564999999999
925,-28.59375,12.7856,96.72465
926,-28.59375,12.7856,96.79785
927,-28.59375,12.7856,96.7826
928,-28.59375,12.7856,96.8253
929,-28.59375,12.7856,96.88019999999999
930,-28.59375,12.7856,96.74905
931,-28.59375,12.7856,96.86189999999999
932,-28.59375,12.7856,96.83749999999999
933,-28.59375,12.7856,96.8558
934,-28.59375,12.7856,96.85275
935,-28.59375,12.7856,96.87105
936,-28.59375,12.7856,96.8314
937,-28.59375,12.7856,96.92595
938,-28.59375,12.7856,96.88019999999999
939,-28.59375,12.7856,96.85884999999999
940,-28.59375,12.7856,96.89545
941,-28.59375,12.7856,96.8497
942,-28.59375,12.7856,96.88019999999999
943,-28.59375,12.7856,96.8863
944,-28.59375,12.7856,96.90765
945,-28.59375,12.7856,96.92290000000001
946,-28.59375,12.7856,96.9107
947,-28.59375,12.7856,96.94120000000001
948,-28.59375,12.7856,96.86495000000001
949,-28.59375,12.7856,96.8863
950,-28.59375,12.7856,96.9046
951,-28.59375,12.7856,96.85275
952,-28.59375,12.7856,96.86189999999999
953,-28.59375,12.7856,96.8985
954,-28.59375,12.7856,96.8558
955,-28.59375,12.7856,96.86189999999999
956,-28.59375,12.7856,96.92290000000001
957,-28.59375,12.7856,96.90154999999999
958,-28.59375,12.7856,96.8253
959,-28.59375,12.7856,96.92595
960,-28.59375,12.7856,96.81005
961,-28.59375,12.7856,96.93205
962,-28.59375,12.7856,96.86495000000001
963,-28.59375,12.7856,96.9473
964,-28.59375,12.7856,96.99305
965,-28.59375,12.7856,96.97475
966,-28.59375,12.7856,96.929
967,-28.59375,12.7856,96.92595
968,-28.59375,12.7856,96.9839
969,-28.59375,12.7856,96.96560000000001
970,-28.59375,12.7856,96.92595
971,-28.59375,12.7856,96.91985
972,-28.59375,12.7856,96.89545
973,-28.59375,12.7856,96.92290000000001
974,-28.59375,12.7856,96.86495000000001
975,-28.59375,12.7856,96.92290000000001
976,-28.59375,12.7856,96.85884999999999
977,-28.59375,12.7856,96.88325
978,-28.59375,12.7856,96.8863
979,-28.59375,12.7856,96.8863
980,-28.59375,12.7856,96.88325
981,-28.59375,12.7856,96.91375
982,-28.59375,12.7856,96.85275
983,-28.59375,12.7856,96.88019999999999
984,-28.59375,12.7856,96.8985
985,-28.59375,12.7856,96.88325
986,-28.59375,12.7856,96.91985
987,-28.59375,12.7856,96.87715
988,-28.59375,12.7856,96.8924
989,-28.59375,12.7856,96.9107
990,-28.59375,12.7856,96.9168
991,-28.59375,12.7856,96.92290000000001
992,-28.59375,12.7856,96.90154999999999
993,-28.59375,12.7856,96.8985
994,-28.59375,12.7856,96.9046
995,-28.59375,12.7856,96.9168
996,-28.59375,12.7856,96.89545
997,-28.59375,12.7856,96.9107
998,-28.59375,12.7856,96.89545
999,-28.59375,12.7856,96.90154999999999
1000,-28.59375,12.7856,96.8558
1001,-28.59375,12.7856,96.84055
1002,-28.59375,12.7856,96.84055
1003,-28.59375,12.7856,96.8436
1004,-28.59375,12.7856,96.8436
1005,-28.59375,12.7856,96.8131
1006,-28.59375,12.7856,96.83445
1007,-28.59375,12.7856,96.83445
1008,-28.59375,12.7856,96.8009
1009,-28.59375,12.7856,97.02355
1010,-28.59375,12.7856,96.92290000000001
1011,-28.59375,12.7856,96.79175000000001
1012,-28.59375,12.7856,96.7765
1013,-28.59375,12.7856,96.78564999999999
1014,-28.59375,12.7856,96.8131
1015,-28.59375,12.7856,96.76429999999999
1016,-28.59375,12.7856,96.77345000000001
1017,-28.59375,12.7856,96.7948
1018,-28.59375,12.7856,96.82225
1019,-28.59375,12.7856,96.8131
1020,-28.59375,12.7856,96.82225
1021,-28.59375,12.7856,96.81615
1022,-28.59375,12.7856,96.81615
1023,-28.59375,12.7856,96.807
1024,-28.59375,12.7856,96.8253
1025,-28.59375,12.7856,96.7765
1026,-28.59375,12.7856,96.83445
1027,-28.59375,12.7856,96.82225
1028,-28.59375,12.7856,96.8192
1029,-28.59375,12.7856,96.82225
1030,-28.59375,12.7856,96.8558
1031,-28.59375,12.7856,96.83445
1032,-28.59375,12.7856,96.82835
1033,-28.59375,12.7856,96.91985
1034,-28.59375,12.7856,96.85275
1035,-28.59375,12.7856,96.9046
1036,-28.59375,12.7856,96.92595
1037,-28.59375,12.7856,96.9107
1038,-28.59375,12.7856,96.8924
1039,-28.59375,12.7856,96.87105
1040,-28.59375,12.7856,96.8985
1041,-28.59375,12.7856,96.96865
1042,-28.59375,12.7856,96.90154999999999
1043,-28.59375,12.7856,96.9168
1044,-28.59375,12.7856,96.9534
1045,-28.59375,12.7856,96.97779999999999
1046,-28.59375,12.7856,96.87715
1047,-28.59375,12.7856,96.85275
1048,-28.59375,12.7856,96.8192
1049,-28.59375,12.7856,96.88325
1050,-28.59375,12.7856,96.9046
1051,-28.59375,12.7856,96.84665000000001
1052,-28.59375,12.7856,96.8192
1053,-28.59375,12.7856,96.89545
1054,-28.59375,12.7856,96.88325
1055,-28.59375,12.7856,96.94425000000001
1056,-28.59375,12.7856,96.8436
1057,-28.59375,12.7856,96.88019999999999
1058,-28.59375,12.7856,96.88019999999999
1059,-28.59375,12.7856,96.9595
1060,-28.59375,12.7856,96.9473
1061,-28.59375,12.7856,96.94425000000001
1062,-28.59375,12.7856,96.88935000000001
1063,-28.59375,12.7856,96.83445
1064,-28.59375,12.7856,96.93509999999999
1065,-28.59375,12.7856,96.90765
1066,-28.59375,12.7856,96.92290000000001
1067,-28.59375,12.7856,96.9595
1068,-28.59375,12.7856,96.9595
1069,-28.59375,12.7856,96.929
1070,-28.59375,12.7856,96.94425000000001
1071,-28.59375,12.7856,96.94120000000001
1072,-28.59375,12.7856,96.94425000000001
1073,-28.59375,12.7856,96.9168
1074,-28.59375,12.7856,96.90154999999999
1075,-28.59375,12.7856,96.90765
1076,-28.59375,12.7856,96.9168
1077,-28.59375,12.7856,96.8985
1078,-28.59375,12.7856,96.9168
1079,-28.59375,12.7856,96.94120000000001
1080,-28.59375,12.7856,96.8924
1081,-28.59375,12.7856,96.88325
1082,-28.59375,12.7856,96.8924
1083,-28.59375,12.7856,96.9046
1084,-28.59375,12.7856,96.88325
1085,-28.59375,12.7856,96.87105
1086,-28.59375,12.7856,96.8985
1087,-28.59375,12.7856,96.88325
1088,-28.59375,12.7856,96.87715
1089,-28.59375,12.7856,96.9046
1090,-28.59375,12.7856,96.8985
1091,-28.59375,12.7856,96.8985
1092,-28.59375,12.7856,96.8741
1093,-28.59375,12.7856,96.85884999999999
1094,-28.59375,12.7856,96.8924
1095,-28.59375,12.7856,96.87715
1096,-28.59375,12.7856,96.8924
1097,-28.59375,12.7856,96.89545
1098,-28.59375,12.7856,96.9046
1099,-28.59375,12.7856,96.90765
1100,-28.59375,12.7856,96.88935000000001
1101,-28.59375,12.7856,96.87715
1102,-28.59375,12.7856,96.90154999999999
1103,-28.59375,12.7856,96.92290000000001
1104,-28.59375,12.7856,96.8863
1105,-28.59375,12.7856,96.86495000000001
1106,-28.59375,12.7856,96.86495000000001
1107,-28.59375,12.7856,96.84665000000001
1108,-28.59375,12.7856,96.8253
1109,-28.59375,12.7856,96.86189999999999
1110,-28.59375,12.7856,96.7887
1111,-28.59375,12.7856,96.8009
1112,-28.59375,12.7856,96.8009
1113,-28.59375,12.7856,96.7948
1114,-28.59375,12.7856,96.77345000000001
1115,-28.59375,12.7856,96.807
1116,-28.59375,12.7856,96.8192
1117,-28.59375,12.7856,96.77345000000001
1118,-28.59375,12.7856,96.7765
1119,-28.59375,12.7856,96.746
1120,-28.59375,12.7856,96.746
1121,-28.59375,12.7856,96.77955
1122,-28.59375,12.7856,96.82225
1123,-28.59375,12.7856,96.79175000000001
1124,-28.59375,12.7856,96.807
1125,-28.59375,12.7856,96.81005
1126,-28.59375,12.7856,96.8009
1127,-28.59375,12.7856,96.87105
1128,-28.59375,12.7856,96.7887
1129,-28.59375,12.7856,96.80395
1130,-28.59375,12.7856,96.85884999999999
1131,-28.59375,12.7856,96.91985
1132,-28.59375,12.7856,96.93205
1133,-28.59375,12.7856,96.92290000000001
1134,-28.59375,12.7856,96.86800000000001
1135,-28.59375,12.7856,96.83445
1136,-28.59375,12.7856,96.82225
1137,-28.59375,12.7856,96.9046
1138,-28.59375,12.7856,96.8314
1139,-28.59375,12.7856,96.9046
1140,-28.59375,12.7856,96.9046
1141,-28.59375,12.7856,96.87105
1142,-28.59375,12.7856,96.9168
1143,-28.59375,12.7856,96.88325
1144,-28.59375,12.7856,96.88019999999999
1145,-28.59375,12.7856,96.8863
1146,-28.59375,12.7856,96.8741
1147,-28.59375,12.7856,96.8741
1148,-28.59375,12.7856,96.94120000000001
1149,-28.59375,12.7856,96.80395
1150,-28.59375,12.7856,96.8924
1151,-28.59375,12.7856,96.85884999999999
1152,-28.59375,12.7856,96.8863
1153,-28.59375,12.7856,96.90154999999999
1154,-28.59375,12.7856,96.8253
1155,-28.59375,12.7856,96.8253
1156,-28.59375,12.7856,96.9046
1157,-28.59375,12.7856,96.85884999999999
1158,-28.59375,12.7856,96.8863
1159,-28.59375,12.7856,96.84665000000001
1160,-28.59375,12.7856,96.88935000000001
1161,-28.59375,12.7856,96.88935000000001
1162,-28.59375,12.7856,96.83445
1163,-28.59375,12.7856,96.807
1164,-28.59375,12.7856,96.96255000000001
1165,-28.59375,12.7856,96.95644999999999
1166,-28.59375,12.7856,96.929
1167,-28.59375,12.7856,96.97475
1168,-28.59375,12.7856,96.93509999999999
1169,-28.59375,12.7856,96.94120000000001
1170,-28.59375,12.7856,96.8497
1171,-28.59375,12.7856,96.97475
1172,-28.59375,12.7856,96.929
1173,-28.59375,12.7856,96.95035
1174,-28.59375,12.7856,96.96560000000001
1175,-28.59375,12.7856,96.96255000000001
1176,-28.59375,12.7856,96.9473
1177,-28.59375,12.7856,96.88935000000001
1178,-28.59375,12.7856,96.93815
1179,-28.59375,12.7856,96.89545
1180,-28.59375,12.7856,96.8985
1181,-28.59375,12.7856,96.94120000000001
1182,-28.59375,12.7856,96.92290000000001
1183,-28.59375,12.7856,96.92595
1184,-28.59375,12.7856,96.90765
1185,-28.59375,12.7856,96.93509999999999
1186,-28.59375,12.7856,96.92290000000001
1187,-28.59375,12.7856,96.89545
1188,-28.59375,12.7856,96.88019999999999
1189,-28.59375,12.7856,96.8924
1190,-28.59375,12.7856,96.90154999999999
1191,-28.59375,12.7856,96.90765
1192,-28.59375,12.7856,96.87105
1193,-28.59375,12.7856,96.9046
1194,-28.59375,12.7856,96.8741
1195,-28.59375,12.7856,96.87715
1196,-28.59375,12.7856,96.88019999999999
1197,-28.59375,12.7856,96.87715
1198,-28.59375,12.7856,96.86189999999999
1199,-28.59375,12.7856,96.88935000000001
1200,-28.59375,12.7856,96.87715
1201,-28.59375,12.7856,96.8924
1202,-28.59375,12.7856,96.8863
1203,-28.59375,12.7856,96.8863
1204,-28.59375,12.7856,96.90154999999999
1205,-28.59375,12.7856,96.8863
1206,-28.59375,12.7856,96.89545
1207,-28.59375,12.7856,96.88935000000001
1208,-28.59375,12.7856,96.8741
1209,-28.59375,12.7856,96.9046
1210,-28.59375,12.7856,96.8924
1211,-28.59375,12.7856,96.87715
1212,-28.59375,12.7856,96.84665000000001
1213,-28.59375,12.7856,96.85275
1214,-28.59375,12.7856,96.88325
1215,-28.59375,12.7856,96.85275
1216,-28.59375,12.7856,96.86800000000001
1217,-28.59375,12.7856,96.85884999999999
1218,-28.59375,12.7856,96.86495000000001
1219,-28.59375,12.7856,96.84055
1220,-28.59375,12.7856,96.83749999999999
1221,-28.59375,12.7856,96.79785
1222,-28.59375,12.7856,96.77955
1223,-28.59375,12.7856,96.8131
1224,-28.59375,12.7856,96.7948
1225,-28.59375,12.7856,96.76735
1226,-28.59375,12.7856,96.78564999999999
1227,-28.59375,12.7856,96.77955
1228,-28.59375,12.7856,96.76735
1229,-28.59375,12.7856,96.76735
1230,-28.59375,12.7856,96.7399
1231,-28.59375,12.7856,96.76125
1232,-28.59375,12.7856,96.74905
1233,-28.59375,12.7856,96.77345000000001
1234,-28.59375,12.7856,96.8131
1235,-28.59375,12.7856,96.78564999999999
1236,-28.59375,12.7856,96.82225
1237,-28.59375,12.7856,96.77040000000001
1238,-28.59375,12.7856,96.8436
1239,-28.59375,12.7856,96.86189999999999
1240,-28.59375,12.7856,96.7948
1241,-28.59375,12.7856,96.86800000000001
1242,-28.59375,12.7856,96.86189999999999
1243,-28.59375,12.7856,96.90154999999999
1244,-28.59375,12.7856,96.86800000000001
1245,-28.59375,12.7856,96.8741
1246,-28.59375,12.7856,96.8741
1247,-28.59375,12.7856,96.8253
1248,-28.59375,12.7856,96.86189999999999
1249,-28.59375,12.7856,96.91375
1250,-28.59375,12.7856,96.91375
1251,-28.59375,12.7856,96.9595
1252,-28.59375,12.7856,96.9046
1253,-28.59375,12.7856,96.92290000000001
1254,-28.59375,12.7856,96.88935000000001
1255,-28.59375,12.7856,96.86800000000001
1256,-28.59375,12.7856,96.82225
1257,-28.59375,12.7856,96.929
1258,-28.59375,12.7856,96.8863
1259,-28.59375,12.7856,96.85275
1260,-28.59375,12.7856,96.8863
1261,-28.59375,12.7856,96.86495000000001
1262,-28.59375,12.7856,96.88935000000001
1263,-28.59375,12.7856,96.87105
1264,-28.59375,12.7856,96.8558
1265,-28.59375,12.7856,96.86800000000001
1266,-28.59375,12.7856,96.84055
1267,-28.59375,12.7856,96.89545
1268,-28.59375,12.7856,96.85884999999999
1269,-28.59375,12.7856,96.8558
1270,-28.59375,12.7856,96.8497
1271,-28.59375,12.7856,96.92290000000001
1272,-28.59375,12.7856,96.8497
1273,-28.59375,12.7856,96.8436
1274,-28.59375,12.7856,96.88935000000001
1275,-28.59375,12.7856,96.91375
1276,-28.59375,12.7856,96.84055
1277,-28.59375,12.7856,96.95644999999999
1278,-28.59375,12.7856,96.97475
1279,-28.59375,12.7856,96.8314
1280,-28.59375,12.7856,96.8924
1281,-28.59375,12.7856,96.90154999999999
1282,-28.59375,12.7856,96.92595
1283,-28.59375,12.7856,96.89545
1284,-28.59375,12.7856,96.97475
1285,-28.59375,12.7856,96.99
1286,-28.59375,12.7856,96.93509999999999
1287,-28.59375,12.7856,96.91985
1288,-28.59375,12.7856,96.90765
1289,-28.59375,12.7856,96.92290000000001
1290,-28.59375,12.7856,96.9168
1291,-28.59375,12.7856,96.94120000000001
1292,-28.59375,12.7856,96.8985
1293,-28.59375,12.7856,96.9168
1294,-28.59375,12.7856,96.92290000000001
1295,-28.59375,12.7856,96.92290000000001
1296,-28.59375,12.7856,96.88935000000001
1297,-28.59375,12.7856,96.8985
1298,-28.59375,12.7856,96.9168
1299,-28.59375,12.7856,96.89545
1300,-28.59375,12.7856,96.8985
1301,-28.59375,12.7856,96.8863
1302,-28.59375,12.7856,96.88935000000001
1303,-28.59375,12.7856,96.8741
1304,-28.59375,12.7856,96.8741
1305,-28.59375,12.7856,96.86189999999999
1306,-28.59375,12.7856,96.86495000000001
1307,-28.59375,12.7856,96.8497
1308,-28.59375,12.7856,96.85275
1309,-28.59375,12.7856,96.85884999999999
1310,-28.59375,12.7856,96.86495000000001
1311,-28.59375,12.7856,96.8253
1312,-28.59375,12.7856,96.8863
1313,-28.59375,12.7856,96.87105
1314,-28.59375,12.7856,96.8558
1315,-28.59375,12.7856,96.8436
1316,-28.59375,12.7856,96.88325
1317,-28.59375,12.7856,96.85884999999999
1318,-28.59375,12.7856,96.88325
1319,-28.59375,12.7856,96.90154999999999
1320,-28.59375,12.7856,96.85884999999999
1321,-28.59375,12.7856,96.8863
1322,-28.59375,12.7856,96.87105
1323,-28.59375,12.7856,96.86800000000001
1324,-28.59375,12.7856,96.87715
1325,-28.59375,12.7856,96.8985
1326,-28.59375,12.7856,96.87105
1327,-28.59375,12.7856,96.89545
1328,-28.59375,12.7856,96.86189999999999
1329,-28.59375,12.7856,96.84665000000001
1330,-28.59375,12.7856,96.85275
1331,-28.59375,12.7856,96.82835
1332,-28.59375,12.7856,96.82835
1333,-28.59375,12.7856,96.82835
1334,-28.59375,12.7856,96.8131
1335,-28.59375,12.7856,96.81005
1336,-28.59375,12.7856,96.77955
1337,-28.59375,12.7856,96.79175000000001
1338,-28.59375,12.7856,96.77040000000001
1339,-28.59375,12.7856,96.75515
1340,-28.59375,12.7856,96.74905
1341,-28.59375,12.7856,96.79175000000001
1342,-28.59375,12.7856,96.77345000000001
1343,-28.59375,12.7856,96.8741
1344,-28.59375,12.7856,96.78564999999999
1345,-28.59375,12.7856,96.7887
1346,-28.59375,12.7856,96.77955
1347,-28.59375,12.7856,96.79785
1348,-28.59375,12.7856,96.7948
1349,-28.59375,12.7856,96.8009
1350,-28.59375,12.7856,96.91375
1351,-28.59375,12.7856,96.83749999999999
1352,-28.59375,12.7856,96.85884999999999
1353,-28.59375,12.7856,96.8253
1354,-28.59375,12.7856,96.84665000000001
1355,-28.59375,12.7856,96.8497
1356,-28.59375,12.7856,96.86800000000001
1357,-28.59375,12.7856,96.8436
1358,-28.59375,12.7856,96.88019999999999
1359,-28.59375,12.7856,96.8436
1360,-28.59375,12.7856,96.85884999999999
1361,-28.59375,12.7856,96.92290000000001
1362,-28.59375,12.7856,96.86189999999999
1363,-28.59375,12.7856,96.85884999999999
1364,-28.59375,12.7856,96.8924
1365,-28.59375,12.7856,96.84665000000001
1366,-28.59375,12.7856,96.8497
1367,-28.59375,12.7856,96.8863
1368,-28.59375,12.7856,96.82835
1369,-28.59375,12.7856,96.84055
1370,-28.59375,12.7856,96.91375
1371,-28.59375,12.7856,96.87105
1372,-28.59375,12.7856,96.9168
1373,-28.59375,12.7856,96.8863
1374,-28.59375,12.7856,96.87105
1375,-28.59375,12.7856,96.86495000000001
1376,-28.59375,12.7856,96.8558
1377,-28.59375,12.7856,96.82225
1378,-28.59375,12.7856,96.8497
1379,-28.59375,12.7856,96.9595
1380,-28.59375,12.7856,96.85275
1381,-28.59375,12.7856,96.9473
1382,-28.59375,12.7856,96.91985
1383,-28.59375,12.7856,96.96560000000001
1384,-28.59375,12.7856,96.93509999999999
1385,-28.59375,12.7856,96.94425000000001
1386,-28.59375,12.7856,96.93815
1387,-28.59375,12.7856,96.9534
1388,-28.59375,12.7856,96.93205
1389,-28.59375,12.7856,96.9473
1390,-28.59375,12.7856,96.9046
1391,-28.59375,12.7856,96.92290000000001
1392,-28.59375,12.7856,96.90154999999999
1393,-28.59375,12.7856,96.88935000000001
1394,-28.59375,12.7856,96.8985
1395,-28.59375,12.7856,96.8985
1396,-28.59375,12.7856,96.8924
1397,-28.59375,12.7856,96.88325
1398,-28.59375,12.7856,96.86800000000001
1399,-28.59375,12.7856,96.8863
1400,-28.59375,12.7856,96.85884999999999
1401,-28.59375,12.7856,96.86800000000001
1402,-28.59375,12.7856,96.87105
1403,-28.59375,12.7856,96.84055
1404,-28.59375,12.7856,96.86800000000001
1405,-28.59375,12.7856,96.82225
1406,-28.59375,12.7856,96.87105
1407,-28.59375,12.7856,96.86189999999999
1408,-28.59375,12.7856,96.8741
1409,-28.59375,12.7856,96.85884999999999
1410,-28.59375,12.7856,96.85275
1411,-28.59375,12.7856,96.86189999999999
1412,-28.59375,12.7856,96.87715
1413,-28.59375,12.7856,96.8558
1414,-28.59375,12.7856,96.8741
1415,-28.59375,12.7856,96.8741
1416,-28.59375,12.7856,96.85275
1417,-28.59375,12.7856,96.86189999999999
1418,-28.59375,12.7856,96.87105
1419,-28.59375,12.7856,96.8131
1420,-28.59375,12.7856,96.82225
1421,-28.59375,12.7856,96.8558
1422,-28.59375,12.7856,96.84055
1423,-28.59375,12.7856,96.84055
1424,-28.59375,12.7856,96.82225
1425,-28.59375,12.7856,96.82225
1426,-28.59375,12.7856,96.7948
1427,-28.59375,12.7856,96.8009
1428,-28.59375,12.7856,96.79175000000001
1429,-28.59375,12.7856,96.78564999999999
1430,-28.59375,12.7856,96.77955
1431,-28.59375,12.7856,96.72465
1432,-28.59375,12.7856,96.8192
1433,-28.59375,12.7856,96.8253
1434,-28.59375,12.7856,96.81005
1435,-28.59375,12.7856,96.80395
1436,-28.59375,12.7856,96.807
1437,-28.59375,12.7856,96.8924
1438,-28.59375,12.7856,96.84055
1439,-28.59375,12.7856,96.84055
1440,-28.59375,12.7856,96.8009
1441,-28.59375,12.7856,96.8192
1442,-28.59375,12.7856,96.8436
1443,-28.59375,12.7856,96.85275
1444,-28.59375,12.7856,96.82835
1445,-28.59375,12.7856,96.86800000000001
1446,-28.59375,12.7856,96.84055
1447,-28.59375,12.7856,96.7826
1448,-28.59375,12.7856,96.9839
1449,-28.59375,12.7856,96.8253
1450,-28.59375,12.7856,96.88019999999999
1451,-28.59375,12.7856,96.8497
1452,-28.59375,12.7856,96.76125
1453,-28.59375,12.7856,96.9046
1454,-28.59375,12.7856,96.82835
1455,-28.59375,12.7856,96.85884999999999
1456,-28.59375,12.7856,96.86189999999999
1457,-28.59375,12.7856,96.84665000000001
1458,-28.59375,12.7856,96.85275
1459,-28.59375,12.7856,96.86495000000001
1460,-28.59375,12.7856,96.86800000000001
1461,-28.59375,12.7856,96.84665000000001
1462,-28.59375,12.7856,96.8558
1463,-28.59375,12.7856,96.8741
1464,-28.59375,12.7856,96.7887
1465,-28.59375,12.7856,96.89545
1466,-28.59375,12.7856,96.83749999999999
1467,-28.59375,12.7856,96.86800000000001
1468,-28.59375,12.7856,96.8924
1469,-28.59375,12.7856,96.85275
1470,-28.59375,12.7856,96.8436
1471,-28.59375,12.7856,96.86495000000001
1472,-28.59375,12.7856,96.86495000000001
1473,-28.59375,12.7856,96.85884999999999
1474,-28.59375,12.7856,96.8497
1475,-28.59375,12.7856,96.87105
1476,-28.59375,12.7856,96.85884999999999
1477,-28.59375,12.7856,96.86495000000001
1478,-28.59375,12.7856,96.85884999999999
1479,-28.59375,12.7856,96.85275
1480,-28.59375,12.7856,96.85884999999999
1481,-28.59375,12.7856,96.8558
1482,-28.59375,12.7856,96.8558
1483,-28.59375,12.7856,96.84055
1484,-28.59375,12.7856,96.8436
1485,-28.59375,12.7856,96.85275
1486,-28.59375,12.7856,96.85884999999999
1487,-28.59375,12.7856,96.86189999999999
1488,-28.59375,12.7856,96.8558
1489,-28.59375,12.7856,96.84055
1490,-28.59375,12.7856,96.86189999999999
1491,-28.59375,12.7856,96.86189999999999
1492,-28.59375,12.7856,96.8314
1493,-28.59375,12.7856,96.86495000000001
1494,-28.59375,12.7856,96.83749999999999
1495,-28.59375,12.7856,96.86189999999999
1496,-28.59375,12.7856,96.8253
1497,-28.59375,12.7856,96.8253
1498,-28.59375,12.7856,96.83749999999999
1499,-28.59375,12.7856,96.83749999999999
1500,-28.59375,12.7856,96.8192
1501,-28.59375,12.7856,96.79785
1502,-28.59375,12.7856,96.7887
1503,-28.59375,12.7856,96.81615
1504,-28.59375,12.7856,96.80395
1505,-28.59375,12.7856,96.79785
1506,-28.59375,12.7856,96.7826
1507,-28.59375,12.7856,96.76429999999999
1508,-28.59375,12.7856,96.7826
1509,-28.59375,12.7856,96.79785
1510,-28.59375,12.7856,96.86495000000001
1511,-28.59375,12.7856,96.82835
1512,-28.59375,12.7856,96.79175000000001
1513,-28.59375,12.7856,96.82835
1514,-28.59375,12.7856,96.83749999999999
1515,-28.59375,12.7856,96.87715
1516,-28.59375,12.7856,96.84665000000001
1517,-28.59375,12.7856,96.82225
1518,-28.59375,12.7856,96.8253
1519,-28.59375,12.7856,96.84665000000001
1520,-28.59375,12.7856,96.8985
1521,-28.59375,12.7856,96.83749999999999
1522,-28.59375,12.7856,96.82835
1523,-28.59375,12.7856,96.85884999999999
1524,-28.59375,12.7856,96.85884999999999
1525,-28.59375,12.7856,96.81615
1526,-28.59375,12.7856,96.89545
1527,-28.59375,12.7856,96.79175000000001
1528,-28.59375,12.7856,96.88325
1529,-28.59375,12.7856,96.82225
1530,-28.59375,12.7856,96.86495000000001
1531,-28.59375,12.7856,96.81005
1532,-28.59375,12.7856,96.7887
1533,-28.59375,12.7856,96.89545
1534,-28.59375,12.7856,96.7948
1535,-28.59375,12.7856,96.8253
1536,-28.59375,12.7856,96.84055
1537,-28.59375,12.7856,96.84055
1538,-28.59375,12.7856,96.83749999999999
1539,-28.59375,12.7856,96.8497
1540,-28.59375,12.7856,96.91375
1541,-28.59375,12.7856,96.8924
1542,-28.59375,12.7856,96.87715
1543,-28.59375,12.7856,96.90765
1544,-28.59375,12.7856,96.87105
1545,-28.59375,12.7856,96.86800000000001
1546,-28.59375,12.7856,96.84055
1547,-28.59375,12.7856,96.8863
1548,-28.59375,12.7856,96.86189999999999
1549,-28.59375,12.7856,96.8558
1550,-28.59375,12.7856,96.86189999999999
1551,-28.59375,12.7856,96.83749999999999
1552,-28.59375,12.7856,96.88019999999999
1553,-28.59375,12.7856,96.88019999999999
1554,-28.59375,12.7856,96.85275
1555,-28.59375,12.7856,96.84055
1556,-28.59375,12.7856,96.85884999999999
1557,-28.59375,12.7856,96.87715
1558,-28.59375,12.7856,96.8253
1559,-28.59375,12.7856,96.86189999999999
1560,-28.59375,12.7856,96.8741
1561,-28.59375,12.7856,96.8436
1562,-28.59375,12.7856,96.86495000000001
1563,-28.59375,12.7856,96.8497
1564,-28.59375,12.7856,96.85884999999999
1565,-28.59375,12.7856,96.84055
1566,-28.59375,12.7856,96.85884999999999
1567,-28.59375,12.7856,96.8985
1568,-28.59375,12.7856,96.83445
1569,-28.59375,12.7856,96.83445
1570,-28.59375,12.7856,96.85884999999999
1571,-28.59375,12.7856,96.82835
1572,-28.59375,12.7856,96.8314
1573,-28.59375,12.7856,96.8558
1574,-28.59375,12.7856,96.8314
1575,-28.59375,12.7856,96.84055
1576,-28.59375,12.7856,96.8436
1577,-28.59375,12.7856,96.8314
1578,-28.59375,12.7856,96.81005
1579,-28.59375,12.7856,96.80395
1580,-28.59375,12.7856,96.82225
1581,-28.59375,12.7856,96.82225
1582,-28.59375,12.7856,96.8314
1583,-28.59375,12.7856,96.8131
1584,-28.59375,12.7856,96.77345000000001
1585,-28.59375,12.7856,96.76735
1586,-28.59375,12.7856,96.81615
1587,-28.59375,12.7856,96.78564999999999
1588,-28.59375,12.7856,96.76125
1589,-28.59375,12.7856,96.77955
1590,-28.59375,12.7856,96.77955
1591,-28.59375,12.7856,96.7277
1592,-28.59375,12.7856,96.75210000000001
1593,-28.59375,12.7856,96.81615
1594,-28.59375,12.7856,96.8436
1595,-28.59375,12.7856,96.77955
1596,-28.59375,12.7856,96.83445
1597,-28.59375,12.7856,96.87715
1598,-28.59375,12.7856,96.86495000000001
1599,-28.59375,12.7856,96.8192
1600,-28.59375,12.7856,96.9107
1601,-28.59375,12.7856,96.8192
1602,-28.59375,12.7856,96.82225
1603,-28.59375,12.7856,96.84665000000001
1604,-28.59375,12.7856,96.807
1605,-28.59375,12.7856,96.81615
1606,-28.59375,12.7856,96.87105
1607,-28.59375,12.7856,96.87105
1608,-28.59375,12.7856,96.8497
1609,-28.59375,12.7856,96.88019999999999
1610,-28.59375,12.7856,96.83445
1611,-28.59375,12.7856,96.8436
1612,-28.59375,12.7856,96.85884999999999
1613,-28.59375,12.7856,96.9107
1614,-28.59375,12.7856,96.8985
1615,-28.59375,12.7856,96.8558
1616,-28.59375,12.7856,96.87105
1617,-28.59375,12.7856,96.88019999999999
1618,-28.59375,12.7856,96.929
1619,-28.59375,12.7856,96.88019999999999
1620,-28.59375,12.7856,96.85884999999999
1621,-28.59375,12.7856,96.86495000000001
1622,-28.59375,12.7856,96.88325
1623,-28.59375,12.7856,96.88019999999999
1624,-28.59375,12.7856,96.88325
1625,-28.59375,12.7856,96.85884999999999
1626,-28.59375,12.7856,96.86495000000001
1627,-28.59375,12.7856,96.86800000000001
1628,-28.59375,12.7856,96.85884999999999
1629,-28.59375,12.7856,96.87105
1630,-28.59375,12.7856,96.8863
1631,-28.59375,12.7856,96.8924
1632,-28.59375,12.7856,96.84055
1633,-28.59375,12.7856,96.85884999999999
1634,-28.59375,12.7856,96.86800000000001
1635,-28.59375,12.7856,96.88019999999999
1636,-28.59375,12.7856,96.86189999999999
1637,-28.59375,12.7856,96.8253
1638,-28.59375,12.7856,96.8436
1639,-28.59375,12.7856,96.84055
1640,-28.59375,12.7856,96.83445
1641,-28.59375,12.7856,96.85884999999999
1642,-28.59375,12.7856,96.84055
1643,-28.59375,12.7856,96.82835
1644,-28.59375,12.7856,96.83445
1645,-28.59375,12.7856,96.85884999999999
1646,-28.59375,12.7856,96.8192
1647,-28.59375,12.7856,96.83445
1648,-28.59375,12.7856,96.8253
1649,-28.59375,12.7856,96.82225
1650,-28.59375,12.7856,96.8497
1651,-28.59375,12.7856,96.82225
1652,-28.59375,12.7856,96.83749999999999
1653,-28.59375,12.7856,96.82225
1654,-28.59375,12.7856,96.83749999999999
1655,-28.59375,12.7856,96.82835
1656,-28.59375,12.7856,96.78564999999999
1657,-28.59375,12.7856,96.7887
1658,-28.59375,12.7856,96.80395
1659,-28.59375,12.7856,96.81005
1660,-28.59375,12.7856,96.79175000000001
1661,-28.59375,12.7856,96.7765
1662,-28.59375,12.7856,96.807
1663,-28.59375,12.7856,96.77955
1664,-28.59375,12.7856,96.78564999999999
1665,-28.59375,12.7856,96.78564999999999
1666,-28.59375,12.7856,96.86189999999999
1667,-28.59375,12.7856,96.75210000000001
1668,-28.59375,12.7856,96.7338
1669,-28.59375,12.7856,96.84055
1670,-28.59375,12.7856,96.807
1671,-28.59375,12.7856,96.71245
1672,-28.59375,12.7856,96.80395
1673,-28.59375,12.7856,96.81005
1674,-28.59375,12.7856,96.8863
1675,-28.59375,12.7856,96.7887
1676,-28.59375,12.7856,96.77345000000001
1677,-28.59375,12.7856,96.7948
1678,-28.59375,12.7856,96.73685
1679,-28.59375,12.7856,96.85275
1680,-28.59375,12.7856,96.83749999999999
1681,-28.59375,12.7856,96.8253
1682,-28.59375,12.7856,96.8436
1683,-28.59375,12.7856,96.90765
1684,-28.59375,12.7856,96.86495000000001
1685,-28.59375,12.7856,96.8314
1686,-28.59375,12.7856,96.84055
1687,-28.59375,12.7856,96.92290000000001
1688,-28.59375,12.7856,96.8253
1689,-28.59375,12.7856,96.88325
1690,-28.59375,12.7856,96.8863
1691,-28.59375,12.7856,96.86495000000001
1692,-28.59375,12.7856,96.91985
1693,-28.59375,12.7856,96.91375
1694,-28.59375,12.7856,96.88019999999999
1695,-28.59375,12.7856,96.929
1696,-28.59375,12.7856,96.81005
1697,-28.59375,12.7856,96.85275
1698,-28.59375,12.7856,96.8497
1699,-28.59375,12.7856,96.83445
1700,-28.59375,12.7856,96.87715
1701,-28.59375,12.7856,96.87105
1702,-28.59375,12.7856,96.87105
1703,-28.59375,12.7856,96.81005
1704,-28.59375,12.7856,96.82225
1705,-28.59375,12.7856,96.83445
1706,-28.59375,12.7856,96.82225
1707,-28.59375,12.7856,96.80395
1708,-28.59375,12.7856,96.79785
1709,-28.59375,12.7856,96.807
1710,-28.59375,12.7856,96.82835
1711,-28.59375,12.7856,96.8131
1712,-28.59375,12.7856,96.81005
1713,-28.59375,12.7856,96.81005
1714,-28.59375,12.7856,96.76429999999999
1715,-28.59375,12.7856,96.7948
1716,-28.59375,12.7856,96.78564999999999
1717,-28.59375,12.7856,96.76429999999999
1718,-28.59375,12.7856,96.7582
1719,-28.59375,12.7856,96.79785
1720,-28.59375,12.7856,96.77040000000001
1721,-28.59375,12.7856,96.76429999999999
1722,-28.59375,12.7856,96.7948
1723,-28.59375,12.7856,96.8314
1724,-28.59375,12.7856,96.72465
1725,-28.59375,12.7856,96.70025
1726,-28.59375,12.7856,96.70939999999999
1727,-28.59375,12.7856,96.7887
1728,-28.59375,12.7856,96.82835
1729,-28.59375,12.7856,96.73685
1730,-28.59375,12.7856,96.8436
1731,-28.59375,12.7856,96.74295
1732,-28.59375,12.7856,96.84055
1733,-28.59375,12.7856,96.8253
1734,-28.59375,12.7856,96.84055
1735,-28.59375,12.7856,96.77040000000001
1736,-28.59375,12.7856,96.79785
1737,-28.59375,12.7856,96.77345000000001
1738,-28.59375,12.7856,96.8131
1739,-28.59375,12.7856,96.82225
1740,-28.59375,12.7856,96.84055
1741,-28.59375,12.7856,96.81005
1742,-28.59375,12.7856,96.86800000000001
1743,-28.59375,12.7856,96.83445
1744,-28.59375,12.7856,96.90154999999999
1745,-28.59375,12.7856,96.83749999999999
1746,-28.59375,12.7856,96.83445
1747,-28.59375,12.7856,96.85275
1748,-28.59375,12.7856,96.83749999999999
1749,-28.59375,12.7856,96.91985
1750,-28.59375,12.7856,96.8314
1751,-28.59375,12.7856,96.83445
1752,-28.59375,12.7856,96.84665000000001
1753,-28.59375,12.7856,96.8009
1754,-28.59375,12.7856,96.88019999999999
1755,-28.59375,12.7856,96.7765
1756,-28.59375,12.7856,96.8192
1757,-28.59375,12.7856,96.8314
1758,-28.59375,12.7856,96.8863
1759,-28.59375,12.7856,96.94425000000001
1760,-28.59375,12.7856,96.84665000000001
1761,-28.59375,12.7856,96.8497
1762,-28.59375,12.7856,96.85884999999999
1763,-28.59375,12.7856,96.88019999999999
1764,-28.59375,12.7856,96.85275
1765,-28.59375,12.7856,96.8558
1766,-28.59375,12.7856,96.84665000000001
1767,-28.59375,12.7856,96.8497
1768,-28.59375,12.7856,96.8497
1769,-28.59375,12.7856,96.85884999999999
1770,-28.59375,12.7856,96.8497
1771,-28.59375,12.7856,96.82835
1772,-28.59375,12.7856,96.8314
1773,-28.59375,12.7856,96.807
1774,-28.59375,12.7856,96.83445
1775,-28.59375,12.7856,96.80395
1776,-28.59375,12.7856,96.77345000000001
1777,-28.59375,12.7856,96.8314
1778,-28.59375,12.7856,96.80395
1779,-28.59375,12.7856,96.7765
1780,-28.59375,12.7856,96.7887
1781,-28.59375,12.7856,96.7216
1782,-28.59375,12.7856,96.77040000000001
1783,-28.59375,12.7856,96.76429999999999
1784,-28.59375,12.7856,96.73075000000001
1785,-28.59375,12.7856,96.76429999999999
1786,-28.59375,12.7856,96.74905
1787,-28.59375,12.7856,96.77040000000001
1788,-28.59375,12.7856,96.7277
1789,-28.59375,12.7856,96.79785
1790,-28.59375,12.7856,96.80395
1791,-28.59375,12.7856,96.77345000000001
1792,-28.59375,12.7856,96.77955
1793,-28.59375,12.7856,96.8253
1794,-28.59375,12.7856,96.85884999999999
1795,-28.59375,12.7856,96.81615
1796,-28.59375,12.7856,96.8253
1797,-28.59375,12.7856,96.86189999999999
1798,-28.59375,12.7856,96.8192
1799,-28.59375,12.7856,96.79785
1800,-28.59375,12.7856,96.84665000000001
1801,-28.59375,12.7856,96.8558
1802,-28.59375,12.7856,96.8497
1803,-28.59375,12.7856,96.85275
1804,-28.59375,12.7856,96.92595
1805,-28.59375,12.7856,96.8436
1806,-28.59375,12.7856,96.77345000000001
1807,-28.59375,12.7856,96.83749999999999
1808,-28.59375,12.7856,96.84055
1809,-28.59375,12.7856,96.8558
1810,-28.59375,12.7856,96.84665000000001
1811,-28.59375,12.7856,96.8558
1812,-28.59375,12.7856,96.83749999999999
1813,-28.59375,12.7856,96.8009
1814,-28.59375,12.7856,96.807
1815,-28.59375,12.7856,96.8192
1816,-28.59375,12.7856,96.807
1817,-28.59375,12.7856,96.77955
1818,-28.59375,12.7856,96.807
1819,-28.59375,12.7856,96.8192
1820,-28.59375,12.7856,96.81615
1821,-28.59375,12.7856,96.79785
1822,-28.59375,12.7856,96.76429999999999
1823,-28.59375,12.7856,96.79785
1824,-28.59375,12.7856,96.76429999999999
1825,-28.59375,12.7856,96.72465
1826,-28.59375,12.7856,96.74295
1827,-28.59375,12.7856,96.78564999999999
1828,-28.59375,12.7856,96.76735
1829,-28.59375,12.7856,96.7338
1830,-28.59375,12.7856,96.7582
1831,-28.59375,12.7856,96.746
1832,-28.59375,12.7856,96.70025
1833,-28.59375,12.7856,96.77955
1834,-28.59375,12.7856,96.69415000000001
1835,-28.59375,12.7856,96.8192
1836,-28.59375,12.7856,96.76125
1837,-28.59375,12.7856,96.8131
1838,-28.59375,12.7856,96.7948
1839,-28.59375,12.7856,96.87105
1840,-28.59375,12.7856,96.7887
1841,-28.59375,12.7856,96.7887
1842,-28.59375,12.7856,96.84665000000001
1843,-28.59375,12.7856,96.86189999999999
1844,-28.59375,12.7856,96.78564999999999
1845,-28.59375,12.7856,96.8314
1846,-28.59375,12.7856,96.7826
1847,-28.59375,12.7856,96.8253
1848,-28.59375,12.7856,96.8253
1849,-28.59375,12.7856,96.8497
1850,-28.59375,12.7856,96.82225
1851,-28.59375,12.7856,96.8497
1852,-28.59375,12.7856,96.84055
1853,-28.59375,12.7856,96.83445
1854,-28.59375,12.7856,96.8436
1855,-28.59375,12.7856,96.8192
1856,-28.59375,12.7856,96.83749999999999
1857,-28.59375,12.7856,96.8253
1858,-28.59375,12.7856,96.8192
1859,-28.59375,12.7856,96.82835
1860,-28.59375,12.7856,96.8131
1861,-28.59375,12.7856,96.83445
1862,-28.59375,12.7856,96.81615
1863,-28.59375,12.7856,96.79785
1864,-28.59375,12.7856,96.80395
1865,-28.59375,12.7856,96.79785
1866,-28.59375,12.7856,96.77345000000001
1867,-28.59375,12.7856,96.77040000000001
1868,-28.59375,12.7856,96.7887
1869,-28.59375,12.7856,96.7948
1870,-28.59375,12.7856,96.7399
1871,-28.59375,12.7856,96.76125
1872,-28.59375,12.7856,96.7765
1873,-28.59375,12.7856,96.76429999999999
1874,-28.59375,12.7856,96.75210000000001
1875,-28.59375,12.7856,96.77040000000001
1876,-28.59375,12.7856,96.75515
1877,-28.59375,12.7856,96.75210000000001
1878,-28.59375,12.7856,96.76429999999999
1879,-28.59375,12.7856,96.7826
1880,-28.59375,12.7856,96.75515
1881,-28.59375,12.7856,96.76125
1882,-28.59375,12.7856,96.77040000000001
1883,-28.59375,12.7856,96.80395
1884,-28.59375,12.7856,96.7826
1885,-28.59375,12.7856,96.81615
1886,-28.59375,12.7856,96.76429999999999
1887,-28.59375,12.7856,96.8131
1888,-28.59375,12.7856,96.86495000000001
1889,-28.59375,12.7856,96.8314
1890,-28.59375,12.7856,96.9107
1891,-28.59375,12.7856,96.85884999999999
1892,-28.59375,12.7856,96.8253
1893,-28.59375,12.7856,96.83445
1894,-28.59375,12.7856,96.82225
1895,-28.59375,12.7856,96.85275
1896,-28.59375,12.7856,96.807
1897,-28.59375,12.7856,96.8314
1898,-28.59375,12.7856,96.8009
1899,-28.59375,12.7856,96.81005
1900,-28.59375,12.7856,96.78564999999999
1901,-28.59375,12.7856,96.76125
1902,-28.59375,12.7856,96.77345000000001
1903,-28.59375,12.7856,96.7826
1904,-28.59375,12.7856,96.78564999999999
1905,-28.59375,12.7856,96.74295
1906,-28.59375,12.7856,96.7826
1907,-28.59375,12.7856,96.77040000000001
1908,-28.59375,12.7856,96.74295
1909,-28.59375,12.7856,96.746
1910,-28.59375,12.7856,96.746
1911,-28.59375,12.7856,96.7399
1912,-28.59375,12.7856,96.8436
1913,-28.59375,12.7856,96.76429999999999
1914,-28.59375,12.7856,96.75515
1915,-28.59375,12.7856,96.7765
1916,-28.59375,12.7856,96.77955
1917,-28.59375,12.7856,96.81005
1918,-28.59375,12.7856,96.78564999999999
1919,-28.59375,12.7856,96.7826
1920,-28.59375,12.7856,96.807
1921,-28.59375,12.7856,96.83749999999999
1922,-28.59375,12.7856,96.8436
1923,-28.59375,12.7856,96.83749999999999
1924,-28.59375,12.7856,96.8009
1925,-28.59375,12.7856,96.79175000000001
1926,-28.59375,12.7856,96.81615
1927,-28.59375,12.7856,96.76735
1928,-28.59375,12.7856,96.7826
1929,-28.59375,12.7856,96.79175000000001
1930,-28.59375,12.7856,96.7826
1931,-28.59375,12.7856,96.77345000000001
1932,-28.59375,12.7856,96.74295
1933,-28.59375,12.7856,96.7948
1934,-28.59375,12.7856,96.85884999999999
1935,-28.59375,12.7856,96.82225
1936,-28.59375,12.7856,96.8253
1937,-28.59375,12.7856,96.79175000000001
1938,-28.59375,12.7856,96.84055
1939,-28.59375,12.7856,96.7887
1940,-28.59375,12.7856,96.77040000000001
1941,-28.59375,12.7856,96.77955
1942,-28.59375,12.7856,96.77345000000001
1943,-28.59375,12.7856,96.7948
1944,-28.59375,12.7856,96.75210000000001
1945,-28.59375,12.7856,96.78564999999999
1946,-28.59375,12.7856,96.74295
1947,-28.59375,12.7856,96.73075000000001
1948,-28.59375,12.7856,96.82835
1949,-28.59375,12.7856,96.72465
1950,-28.59375,12.7856,96.75515
1951,-28.59375,12.7856,96.7765
1952,-28.59375,12.7856,96.76429999999999
1953,-28.59375,12.7856,96.7277
1954,-28.59375,12.7856,96.71245
1955,-28.59375,12.7856,96.99305
1956,-28.59375,12.7856,97.00525
1957,-28.59375,12.7856,96.89545
1958,-28.59375,12.7856,96.8009
1959,-28.59375,12.7856,96.91375
1960,-28.59375,12.7856,96.8985
1961,-28.59375,12.7856,96.929
1962,-28.59375,12.7856,96.94425000000001
1963,-28.59375,12.7856,96.91985
1964,-28.59375,12.7856,96.96255000000001
1965,-28.59375,12.7856,96.9534
1966,-28.59375,12.7856,96.94120000000001
1967,-28.59375,12.7856,96.9717
1968,-28.59375,12.7856,96.95035
1969,-28.59375,12.7856,96.8253
1970,-28.59375,12.7856,96.89545
1971,-28.59375,12.7856,96.8741
1972,-28.59375,12.7856,96.8253
1973,-28.59375,12.7856,96.89545
1974,-28.59375,12.7856,96.9046
1975,-28.59375,12.7856,96.87105
1976,-28.59375,12.7856,96.82225
1977,-28.59375,12.7856,96.92290000000001
1978,-28.59375,12.7856,96.8863
1979,-28.59375,12.7856,96.87715
1980,-28.59375,12.7856,96.86189999999999
1981,-28.59375,12.7856,96.9107
1982,-28.59375,12.7856,96.88935000000001
1983,-28.59375,12.7856,96.9046
1984,-28.59375,12.7856,96.9168
1985,-28.59375,12.7856,96.9595
1986,-28.59375,12.7856,96.95644999999999
1987,-28.59375,12.7856,96.98085
1988,-28.59375,12.7856,96.96865
1989,-28.59375,12.7856,96.98695000000001
1990,-28.59375,12.7856,96.85884999999999
1991,-28.59375,12.7856,96.8985
1992,-28.59375,12.7856,96.92290000000001
1993,-28.59375,12.7856,96.8863
1994,-28.59375,12.7856,96.88325
1995,-28.59375,12.7856,96.88325
1996,-28.59375,12.7856,96.86495000000001
1997,-28.59375,12.7856,96.83445
1998,-28.59375,12.7856,96.93509999999999
1999,-28.59375,12.7856,96.80395
